Exam_ID,Student_ID,Question_ID,Answer,IS_Correct,Degree
1,30010001,1,D,FALSE,0
1,30010001,3,B,TRUE,5
1,30010001,7,B,TRUE,5
1,30010001,15,A,FALSE,0
1,30010001,29,B,FALSE,0
1,30010002,1,A,TRUE,5
1,30010002,3,C,FALSE,0
1,30010002,7,B,TRUE,5
1,30010002,15,C,FALSE,0
1,30010002,29,D,FALSE,0
1,30010003,1,C,FALSE,0
1,30010003,3,B,TRUE,5
1,30010003,7,B,TRUE,5
1,30010003,15,D,FALSE,0
1,30010003,29,C,FALSE,0
1,30010004,1,A,TRUE,5
1,30010004,3,A,FALSE,0
1,30010004,7,D,FALSE,0
1,30010004,15,D,FALSE,0
1,30010004,29,B,FALSE,0
1,30010005,1,C,FALSE,0
1,30010005,3,A,FALSE,0
1,30010005,7,D,FALSE,0
1,30010005,15,D,FALSE,0
1,30010005,29,C,FALSE,0
1,30010006,1,D,FALSE,0
1,30010006,3,B,TRUE,5
1,30010006,7,C,FALSE,0
1,30010006,15,C,FALSE,0
1,30010006,29,D,FALSE,0
1,30010007,1,C,FALSE,0
1,30010007,3,B,TRUE,5
1,30010007,7,B,TRUE,5
1,30010007,15,D,FALSE,0
1,30010007,29,D,FALSE,0
1,30010008,1,A,TRUE,5
1,30010008,3,D,FALSE,0
1,30010008,7,D,FALSE,0
1,30010008,15,B,TRUE,5
1,30010008,29,B,FALSE,0
1,30010009,1,D,FALSE,0
1,30010009,3,B,TRUE,5
1,30010009,7,A,FALSE,0
1,30010009,15,D,FALSE,0
1,30010009,29,A,TRUE,5
1,30010010,1,C,FALSE,0
1,30010010,3,B,TRUE,5
1,30010010,7,C,FALSE,0
1,30010010,15,D,FALSE,0
1,30010010,29,A,TRUE,5
2,30010011,31,D,FALSE,0
2,30010011,40,C,FALSE,0
2,30010011,50,D,FALSE,0
2,30010011,55,D,FALSE,0
2,30010011,59,D,FALSE,0
2,30010012,31,A,FALSE,0
2,30010012,40,A,TRUE,5
2,30010012,50,B,TRUE,5
2,30010012,55,D,FALSE,0
2,30010012,59,A,FALSE,0
2,30010013,31,B,TRUE,5
2,30010013,40,D,FALSE,0
2,30010013,50,D,FALSE,0
2,30010013,55,A,FALSE,0
2,30010013,59,D,FALSE,0
2,30010014,31,D,FALSE,0
2,30010014,40,D,FALSE,0
2,30010014,50,A,FALSE,0
2,30010014,55,C,FALSE,0
2,30010014,59,D,FALSE,0
2,30010015,31,D,FALSE,0
2,30010015,40,C,FALSE,0
2,30010015,50,B,TRUE,5
2,30010015,55,B,TRUE,5
2,30010015,59,D,FALSE,0
2,30010016,31,B,TRUE,5
2,30010016,40,B,FALSE,0
2,30010016,50,D,FALSE,0
2,30010016,55,C,FALSE,0
2,30010016,59,C,FALSE,0
2,30010017,31,D,FALSE,0
2,30010017,40,A,TRUE,5
2,30010017,50,B,TRUE,5
2,30010017,55,C,FALSE,0
2,30010017,59,B,TRUE,5
2,30010018,31,B,TRUE,5
2,30010018,40,C,FALSE,0
2,30010018,50,A,FALSE,0
2,30010018,55,B,TRUE,5
2,30010018,59,A,FALSE,0
2,30010019,31,A,FALSE,0
2,30010019,40,C,FALSE,0
2,30010019,50,C,FALSE,0
2,30010019,55,A,FALSE,0
2,30010019,59,C,FALSE,0
2,30010020,31,D,FALSE,0
2,30010020,40,D,FALSE,0
2,30010020,50,B,TRUE,5
2,30010020,55,C,FALSE,0
2,30010020,59,A,FALSE,0
3,30010021,61,A,FALSE,0
3,30010021,65,B,TRUE,5
3,30010021,70,D,FALSE,0
3,30010021,80,B,FALSE,0
3,30010021,88,C,TRUE,5
3,30010022,61,B,TRUE,5
3,30010022,65,B,TRUE,5
3,30010022,70,A,FALSE,0
3,30010022,80,B,FALSE,0
3,30010022,88,A,FALSE,0
3,30010023,61,A,FALSE,0
3,30010023,65,B,TRUE,5
3,30010023,70,C,FALSE,0
3,30010023,80,C,TRUE,5
3,30010023,88,D,FALSE,0
3,30010024,61,C,FALSE,0
3,30010024,65,C,FALSE,0
3,30010024,70,B,TRUE,5
3,30010024,80,B,FALSE,0
3,30010024,88,D,FALSE,0
3,30010025,61,A,FALSE,0
3,30010025,65,A,FALSE,0
3,30010025,70,B,TRUE,5
3,30010025,80,A,FALSE,0
3,30010025,88,B,FALSE,0
3,30010026,61,D,FALSE,0
3,30010026,65,A,FALSE,0
3,30010026,70,A,FALSE,0
3,30010026,80,B,FALSE,0
3,30010026,88,C,TRUE,5
3,30010027,61,C,FALSE,0
3,30010027,65,A,FALSE,0
3,30010027,70,C,FALSE,0
3,30010027,80,A,FALSE,0
3,30010027,88,C,TRUE,5
3,30010028,61,C,FALSE,0
3,30010028,65,A,FALSE,0
3,30010028,70,D,FALSE,0
3,30010028,80,A,FALSE,0
3,30010028,88,B,FALSE,0
3,30010029,61,B,TRUE,5
3,30010029,65,D,FALSE,0
3,30010029,70,A,FALSE,0
3,30010029,80,A,FALSE,0
3,30010029,88,A,FALSE,0
3,30010030,61,A,FALSE,0
3,30010030,65,B,TRUE,5
3,30010030,70,A,FALSE,0
3,30010030,80,C,TRUE,5
3,30010030,88,D,FALSE,0
4,30010031,91,B,FALSE,0
4,30010031,98,D,FALSE,0
4,30010031,100,B,TRUE,5
4,30010031,107,C,FALSE,0
4,30010031,115,C,FALSE,0
4,30010032,91,B,FALSE,0
4,30010032,98,B,FALSE,0
4,30010032,100,B,TRUE,5
4,30010032,107,B,FALSE,0
4,30010032,115,C,FALSE,0
4,30010033,91,A,TRUE,5
4,30010033,98,B,FALSE,0
4,30010033,100,D,FALSE,0
4,30010033,107,B,FALSE,0
4,30010033,115,B,TRUE,5
4,30010034,91,D,FALSE,0
4,30010034,98,C,TRUE,5
4,30010034,100,A,FALSE,0
4,30010034,107,C,FALSE,0
4,30010034,115,D,FALSE,0
4,30010035,91,D,FALSE,0
4,30010035,98,D,FALSE,0
4,30010035,100,A,FALSE,0
4,30010035,107,B,FALSE,0
4,30010035,115,A,FALSE,0
4,30010036,91,B,FALSE,0
4,30010036,98,C,TRUE,5
4,30010036,100,C,FALSE,0
4,30010036,107,A,TRUE,5
4,30010036,115,D,FALSE,0
4,30010037,91,B,FALSE,0
4,30010037,98,A,FALSE,0
4,30010037,100,D,FALSE,0
4,30010037,107,C,FALSE,0
4,30010037,115,A,FALSE,0
4,30010038,91,C,FALSE,0
4,30010038,98,D,FALSE,0
4,30010038,100,C,FALSE,0
4,30010038,107,C,FALSE,0
4,30010038,115,D,FALSE,0
4,30010039,91,A,TRUE,5
4,30010039,98,A,FALSE,0
4,30010039,100,C,FALSE,0
4,30010039,107,D,FALSE,0
4,30010039,115,D,FALSE,0
4,30010040,91,C,FALSE,0
4,30010040,98,D,FALSE,0
4,30010040,100,C,FALSE,0
4,30010040,107,C,FALSE,0
4,30010040,115,C,FALSE,0
5,30010041,121,A,FALSE,0
5,30010041,130,C,FALSE,0
5,30010041,135,B,FALSE,0
5,30010041,140,B,FALSE,0
5,30010041,149,B,TRUE,5
5,30010042,121,D,FALSE,0
5,30010042,130,C,FALSE,0
5,30010042,135,C,FALSE,0
5,30010042,140,B,FALSE,0
5,30010042,149,A,FALSE,0
5,30010043,121,C,FALSE,0
5,30010043,130,B,TRUE,5
5,30010043,135,A,TRUE,5
5,30010043,140,C,FALSE,0
5,30010043,149,A,FALSE,0
5,30010044,121,D,FALSE,0
5,30010044,130,D,FALSE,0
5,30010044,135,D,FALSE,0
5,30010044,140,A,TRUE,5
5,30010044,149,B,TRUE,5
5,30010045,121,A,FALSE,0
5,30010045,130,A,FALSE,0
5,30010045,135,B,FALSE,0
5,30010045,140,A,TRUE,5
5,30010045,149,D,FALSE,0
5,30010046,121,C,FALSE,0
5,30010046,130,B,TRUE,5
5,30010046,135,B,FALSE,0
5,30010046,140,B,FALSE,0
5,30010046,149,C,FALSE,0
5,30010047,121,B,TRUE,5
5,30010047,130,B,TRUE,5
5,30010047,135,C,FALSE,0
5,30010047,140,A,TRUE,5
5,30010047,149,C,FALSE,0
5,30010048,121,D,FALSE,0
5,30010048,130,B,TRUE,5
5,30010048,135,C,FALSE,0
5,30010048,140,D,FALSE,0
5,30010048,149,C,FALSE,0
5,30010049,121,A,FALSE,0
5,30010049,130,D,FALSE,0
5,30010049,135,D,FALSE,0
5,30010049,140,B,FALSE,0
5,30010049,149,B,TRUE,5
5,30010050,121,B,TRUE,5
5,30010050,130,B,TRUE,5
5,30010050,135,A,TRUE,5
5,30010050,140,B,FALSE,0
5,30010050,149,B,TRUE,5
6,30010051,151,D,FALSE,0
6,30010051,155,A,FALSE,0
6,30010051,161,B,TRUE,5
6,30010051,169,C,TRUE,5
6,30010051,175,A,FALSE,0
6,30010052,151,C,FALSE,0
6,30010052,155,A,FALSE,0
6,30010052,161,B,TRUE,5
6,30010052,169,A,FALSE,0
6,30010052,175,C,FALSE,0
6,30010053,151,B,TRUE,5
6,30010053,155,D,FALSE,0
6,30010053,161,B,TRUE,5
6,30010053,169,A,FALSE,0
6,30010053,175,D,FALSE,0
6,30010054,151,C,FALSE,0
6,30010054,155,D,FALSE,0
6,30010054,161,A,FALSE,0
6,30010054,169,C,TRUE,5
6,30010054,175,C,FALSE,0
6,30010055,151,C,FALSE,0
6,30010055,155,C,FALSE,0
6,30010055,161,A,FALSE,0
6,30010055,169,D,FALSE,0
6,30010055,175,A,FALSE,0
6,30010056,151,C,FALSE,0
6,30010056,155,A,FALSE,0
6,30010056,161,A,FALSE,0
6,30010056,169,B,FALSE,0
6,30010056,175,A,FALSE,0
6,30010057,151,A,FALSE,0
6,30010057,155,B,TRUE,5
6,30010057,161,A,FALSE,0
6,30010057,169,B,FALSE,0
6,30010057,175,B,TRUE,5
6,30010058,151,B,TRUE,5
6,30010058,155,B,TRUE,5
6,30010058,161,B,TRUE,5
6,30010058,169,B,FALSE,0
6,30010058,175,D,FALSE,0
6,30010059,151,A,FALSE,0
6,30010059,155,C,FALSE,0
6,30010059,161,B,TRUE,5
6,30010059,169,C,TRUE,5
6,30010059,175,C,FALSE,0
6,30010060,151,B,TRUE,5
6,30010060,155,D,FALSE,0
6,30010060,161,D,FALSE,0
6,30010060,169,C,TRUE,5
6,30010060,175,C,FALSE,0
7,30010061,181,C,FALSE,0
7,30010061,182,D,FALSE,0
7,30010061,183,C,FALSE,0
7,30010061,184,C,FALSE,0
7,30010061,186,C,FALSE,0
7,30010062,181,B,TRUE,5
7,30010062,182,B,TRUE,5
7,30010062,183,C,FALSE,0
7,30010062,184,C,FALSE,0
7,30010062,186,B,FALSE,0
7,30010063,181,C,FALSE,0
7,30010063,182,D,FALSE,0
7,30010063,183,B,TRUE,5
7,30010063,184,B,TRUE,5
7,30010063,186,B,FALSE,0
7,30010064,181,B,TRUE,5
7,30010064,182,B,TRUE,5
7,30010064,183,D,FALSE,0
7,30010064,184,D,FALSE,0
7,30010064,186,B,FALSE,0
7,30010065,181,B,TRUE,5
7,30010065,182,D,FALSE,0
7,30010065,183,B,TRUE,5
7,30010065,184,A,FALSE,0
7,30010065,186,D,FALSE,0
7,30010066,181,D,FALSE,0
7,30010066,182,D,FALSE,0
7,30010066,183,D,FALSE,0
7,30010066,184,C,FALSE,0
7,30010066,186,C,FALSE,0
7,30010067,181,C,FALSE,0
7,30010067,182,A,FALSE,0
7,30010067,183,A,FALSE,0
7,30010067,184,D,FALSE,0
7,30010067,186,C,FALSE,0
7,30010068,181,D,FALSE,0
7,30010068,182,A,FALSE,0
7,30010068,183,D,FALSE,0
7,30010068,184,D,FALSE,0
7,30010068,186,A,TRUE,5
7,30010069,181,D,FALSE,0
7,30010069,182,D,FALSE,0
7,30010069,183,B,TRUE,5
7,30010069,184,B,TRUE,5
7,30010069,186,C,FALSE,0
7,30010070,181,D,FALSE,0
7,30010070,182,C,FALSE,0
7,30010070,183,C,FALSE,0
7,30010070,184,A,FALSE,0
7,30010070,186,D,FALSE,0
8,30010071,211,B,TRUE,5
8,30010071,220,C,FALSE,0
8,30010071,225,B,TRUE,5
8,30010071,229,D,FALSE,0
8,30010071,235,B,FALSE,0
8,30010072,211,B,TRUE,5
8,30010072,220,A,FALSE,0
8,30010072,225,D,FALSE,0
8,30010072,229,B,TRUE,5
8,30010072,235,B,FALSE,0
8,30010073,211,C,FALSE,0
8,30010073,220,A,FALSE,0
8,30010073,225,B,TRUE,5
8,30010073,229,D,FALSE,0
8,30010073,235,B,FALSE,0
8,30010074,211,B,TRUE,5
8,30010074,220,C,FALSE,0
8,30010074,225,A,FALSE,0
8,30010074,229,C,FALSE,0
8,30010074,235,B,FALSE,0
8,30010075,211,D,FALSE,0
8,30010075,220,B,TRUE,5
8,30010075,225,D,FALSE,0
8,30010075,229,B,TRUE,5
8,30010075,235,A,TRUE,5
8,30010076,211,A,FALSE,0
8,30010076,220,A,FALSE,0
8,30010076,225,A,FALSE,0
8,30010076,229,C,FALSE,0
8,30010076,235,A,TRUE,5
8,30010077,211,A,FALSE,0
8,30010077,220,B,TRUE,5
8,30010077,225,C,FALSE,0
8,30010077,229,D,FALSE,0
8,30010077,235,B,FALSE,0
8,30010078,211,D,FALSE,0
8,30010078,220,A,FALSE,0
8,30010078,225,A,FALSE,0
8,30010078,229,B,TRUE,5
8,30010078,235,C,FALSE,0
8,30010079,211,B,TRUE,5
8,30010079,220,D,FALSE,0
8,30010079,225,C,FALSE,0
8,30010079,229,B,TRUE,5
8,30010079,235,D,FALSE,0
8,30010080,211,C,FALSE,0
8,30010080,220,C,FALSE,0
8,30010080,225,B,TRUE,5
8,30010080,229,B,TRUE,5
8,30010080,235,D,FALSE,0
9,30010081,241,B,FALSE,0
9,30010081,250,A,TRUE,5
9,30010081,253,B,FALSE,0
9,30010081,260,B,TRUE,5
9,30010081,269,A,FALSE,0
9,30010082,241,B,FALSE,0
9,30010082,250,D,FALSE,0
9,30010082,253,B,FALSE,0
9,30010082,260,C,FALSE,0
9,30010082,269,C,FALSE,0
9,30010083,241,D,FALSE,0
9,30010083,250,C,FALSE,0
9,30010083,253,A,TRUE,5
9,30010083,260,D,FALSE,0
9,30010083,269,C,FALSE,0
9,30010084,241,D,FALSE,0
9,30010084,250,D,FALSE,0
9,30010084,253,C,FALSE,0
9,30010084,260,C,FALSE,0
9,30010084,269,C,FALSE,0
9,30010085,241,A,TRUE,5
9,30010085,250,C,FALSE,0
9,30010085,253,A,TRUE,5
9,30010085,260,D,FALSE,0
9,30010085,269,C,FALSE,0
9,30010086,241,A,TRUE,5
9,30010086,250,D,FALSE,0
9,30010086,253,A,TRUE,5
9,30010086,260,C,FALSE,0
9,30010086,269,B,TRUE,5
9,30010087,241,B,FALSE,0
9,30010087,250,C,FALSE,0
9,30010087,253,C,FALSE,0
9,30010087,260,A,FALSE,0
9,30010087,269,B,TRUE,5
9,30010088,241,B,FALSE,0
9,30010088,250,B,FALSE,0
9,30010088,253,A,TRUE,5
9,30010088,260,B,TRUE,5
9,30010088,269,A,FALSE,0
9,30010089,241,A,TRUE,5
9,30010089,250,D,FALSE,0
9,30010089,253,C,FALSE,0
9,30010089,260,B,TRUE,5
9,30010089,269,C,FALSE,0
9,30010090,241,C,FALSE,0
9,30010090,250,B,FALSE,0
9,30010090,253,C,FALSE,0
9,30010090,260,B,TRUE,5
9,30010090,269,C,FALSE,0
10,30010091,272,A,FALSE,0
10,30010091,279,C,FALSE,0
10,30010091,286,A,FALSE,0
10,30010091,290,A,FALSE,0
10,30010091,299,C,FALSE,0
10,30010092,272,A,FALSE,0
10,30010092,279,A,FALSE,0
10,30010092,286,C,TRUE,5
10,30010092,290,C,FALSE,0
10,30010092,299,B,TRUE,5
10,30010093,272,B,TRUE,5
10,30010093,279,D,FALSE,0
10,30010093,286,B,FALSE,0
10,30010093,290,A,FALSE,0
10,30010093,299,B,TRUE,5
10,30010094,272,D,FALSE,0
10,30010094,279,D,FALSE,0
10,30010094,286,B,FALSE,0
10,30010094,290,C,FALSE,0
10,30010094,299,B,TRUE,5
10,30010095,272,D,FALSE,0
10,30010095,279,B,TRUE,5
10,30010095,286,A,FALSE,0
10,30010095,290,B,TRUE,5
10,30010095,299,A,FALSE,0
10,30010096,272,D,FALSE,0
10,30010096,279,C,FALSE,0
10,30010096,286,D,FALSE,0
10,30010096,290,A,FALSE,0
10,30010096,299,D,FALSE,0
10,30010097,272,A,FALSE,0
10,30010097,279,C,FALSE,0
10,30010097,286,D,FALSE,0
10,30010097,290,A,FALSE,0
10,30010097,299,B,TRUE,5
10,30010098,272,D,FALSE,0
10,30010098,279,A,FALSE,0
10,30010098,286,D,FALSE,0
10,30010098,290,C,FALSE,0
10,30010098,299,D,FALSE,0
10,30010099,272,A,FALSE,0
10,30010099,279,B,TRUE,5
10,30010099,286,D,FALSE,0
10,30010099,290,D,FALSE,0
10,30010099,299,B,TRUE,5
10,30010100,272,B,TRUE,5
10,30010100,279,C,FALSE,0
10,30010100,286,A,FALSE,0
10,30010100,290,A,FALSE,0
10,30010100,299,C,FALSE,0
11,30010101,318,C,FALSE,0
11,30010101,315,B,TRUE,5
11,30010101,316,A,FALSE,0
11,30010101,301,D,FALSE,0
11,30010101,328,D,FALSE,0
11,30010102,318,B,TRUE,5
11,30010102,315,B,TRUE,5
11,30010102,316,A,FALSE,0
11,30010102,301,A,FALSE,0
11,30010102,328,A,TRUE,5
11,30010103,318,C,FALSE,0
11,30010103,315,D,FALSE,0
11,30010103,316,D,FALSE,0
11,30010103,301,D,FALSE,0
11,30010103,328,D,FALSE,0
11,30010104,318,D,FALSE,0
11,30010104,315,B,TRUE,5
11,30010104,316,A,FALSE,0
11,30010104,301,B,TRUE,5
11,30010104,328,D,FALSE,0
11,30010105,318,B,TRUE,5
11,30010105,315,A,FALSE,0
11,30010105,316,B,FALSE,0
11,30010105,301,B,TRUE,5
11,30010105,328,A,TRUE,5
11,30010106,318,A,FALSE,0
11,30010106,315,B,TRUE,5
11,30010106,316,B,FALSE,0
11,30010106,301,A,FALSE,0
11,30010106,328,D,FALSE,0
11,30010107,318,D,FALSE,0
11,30010107,315,B,TRUE,5
11,30010107,316,C,TRUE,5
11,30010107,301,D,FALSE,0
11,30010107,328,A,TRUE,5
11,30010108,318,C,FALSE,0
11,30010108,315,A,FALSE,0
11,30010108,316,C,TRUE,5
11,30010108,301,C,FALSE,0
11,30010108,328,B,FALSE,0
11,30010109,318,A,FALSE,0
11,30010109,315,C,FALSE,0
11,30010109,316,C,TRUE,5
11,30010109,301,A,FALSE,0
11,30010109,328,D,FALSE,0
11,30010110,318,C,FALSE,0
11,30010110,315,C,FALSE,0
11,30010110,316,A,FALSE,0
11,30010110,301,A,FALSE,0
11,30010110,328,C,FALSE,0
12,30010111,351,B,TRUE,5
12,30010111,342,C,FALSE,0
12,30010111,346,D,FALSE,0
12,30010111,354,D,FALSE,0
12,30010111,344,C,FALSE,0
12,30010112,351,B,TRUE,5
12,30010112,342,D,FALSE,0
12,30010112,346,D,FALSE,0
12,30010112,354,B,FALSE,0
12,30010112,344,A,FALSE,0
12,30010113,351,D,FALSE,0
12,30010113,342,D,FALSE,0
12,30010113,346,A,TRUE,5
12,30010113,354,C,FALSE,0
12,30010113,344,B,TRUE,5
12,30010114,351,D,FALSE,0
12,30010114,342,C,FALSE,0
12,30010114,346,D,FALSE,0
12,30010114,354,A,TRUE,5
12,30010114,344,B,TRUE,5
12,30010115,351,B,TRUE,5
12,30010115,342,C,FALSE,0
12,30010115,346,C,FALSE,0
12,30010115,354,B,FALSE,0
12,30010115,344,D,FALSE,0
12,30010116,351,B,TRUE,5
12,30010116,342,B,FALSE,0
12,30010116,346,D,FALSE,0
12,30010116,354,D,FALSE,0
12,30010116,344,C,FALSE,0
12,30010117,351,A,FALSE,0
12,30010117,342,D,FALSE,0
12,30010117,346,C,FALSE,0
12,30010117,354,B,FALSE,0
12,30010117,344,A,FALSE,0
12,30010118,351,A,FALSE,0
12,30010118,342,C,FALSE,0
12,30010118,346,C,FALSE,0
12,30010118,354,B,FALSE,0
12,30010118,344,B,TRUE,5
12,30010119,351,A,FALSE,0
12,30010119,342,D,FALSE,0
12,30010119,346,B,FALSE,0
12,30010119,354,A,TRUE,5
12,30010119,344,D,FALSE,0
12,30010120,351,A,FALSE,0
12,30010120,342,A,TRUE,5
12,30010120,346,A,TRUE,5
12,30010120,354,C,FALSE,0
12,30010120,344,D,FALSE,0
13,30010121,378,A,FALSE,0
13,30010121,390,D,FALSE,0
13,30010121,381,A,FALSE,0
13,30010121,360,A,FALSE,0
13,30010121,380,D,FALSE,0
13,30010122,378,C,FALSE,0
13,30010122,390,A,FALSE,0
13,30010122,381,D,FALSE,0
13,30010122,360,D,FALSE,0
13,30010122,380,A,FALSE,0
13,30010123,378,C,FALSE,0
13,30010123,390,C,TRUE,5
13,30010123,381,D,FALSE,0
13,30010123,360,C,FALSE,0
13,30010123,380,B,TRUE,5
13,30010124,378,A,FALSE,0
13,30010124,390,B,FALSE,0
13,30010124,381,D,FALSE,0
13,30010124,360,B,TRUE,5
13,30010124,380,C,FALSE,0
13,30010125,378,C,FALSE,0
13,30010125,390,A,FALSE,0
13,30010125,381,A,FALSE,0
13,30010125,360,D,FALSE,0
13,30010125,380,A,FALSE,0
13,30010126,378,B,FALSE,0
13,30010126,390,B,FALSE,0
13,30010126,381,B,TRUE,5
13,30010126,360,B,TRUE,5
13,30010126,380,C,FALSE,0
13,30010127,378,D,TRUE,5
13,30010127,390,C,TRUE,5
13,30010127,381,A,FALSE,0
13,30010127,360,A,FALSE,0
13,30010127,380,B,TRUE,5
13,30010128,378,A,FALSE,0
13,30010128,390,A,FALSE,0
13,30010128,381,A,FALSE,0
13,30010128,360,C,FALSE,0
13,30010128,380,D,FALSE,0
13,30010129,378,D,TRUE,5
13,30010129,390,D,FALSE,0
13,30010129,381,B,TRUE,5
13,30010129,360,A,FALSE,0
13,30010129,380,A,FALSE,0
13,30010130,378,C,FALSE,0
13,30010130,390,D,FALSE,0
13,30010130,381,D,FALSE,0
13,30010130,360,D,FALSE,0
13,30010130,380,C,FALSE,0
14,30010131,406,A,FALSE,0
14,30010131,407,C,FALSE,0
14,30010131,399,C,FALSE,0
14,30010131,398,A,FALSE,0
14,30010131,392,A,TRUE,5
14,30010132,406,B,TRUE,5
14,30010132,407,C,FALSE,0
14,30010132,399,C,FALSE,0
14,30010132,398,B,TRUE,5
14,30010132,392,C,FALSE,0
14,30010133,406,B,TRUE,5
14,30010133,407,D,FALSE,0
14,30010133,399,B,TRUE,5
14,30010133,398,D,FALSE,0
14,30010133,392,A,TRUE,5
14,30010134,406,C,FALSE,0
14,30010134,407,C,FALSE,0
14,30010134,399,C,FALSE,0
14,30010134,398,D,FALSE,0
14,30010134,392,C,FALSE,0
14,30010135,406,B,TRUE,5
14,30010135,407,B,FALSE,0
14,30010135,399,A,FALSE,0
14,30010135,398,D,FALSE,0
14,30010135,392,B,FALSE,0
14,30010136,406,D,FALSE,0
14,30010136,407,C,FALSE,0
14,30010136,399,A,FALSE,0
14,30010136,398,D,FALSE,0
14,30010136,392,D,FALSE,0
14,30010137,406,B,TRUE,5
14,30010137,407,A,TRUE,5
14,30010137,399,A,FALSE,0
14,30010137,398,C,FALSE,0
14,30010137,392,D,FALSE,0
14,30010138,406,C,FALSE,0
14,30010138,407,D,FALSE,0
14,30010138,399,C,FALSE,0
14,30010138,398,A,FALSE,0
14,30010138,392,B,FALSE,0
14,30010139,406,A,FALSE,0
14,30010139,407,C,FALSE,0
14,30010139,399,C,FALSE,0
14,30010139,398,D,FALSE,0
14,30010139,392,B,FALSE,0
14,30010140,406,C,FALSE,0
14,30010140,407,C,FALSE,0
14,30010140,399,D,FALSE,0
14,30010140,398,D,FALSE,0
14,30010140,392,B,FALSE,0
15,30010141,418,C,FALSE,0
15,30010141,429,B,TRUE,5
15,30010141,434,D,FALSE,0
15,30010141,435,B,TRUE,5
15,30010141,433,B,TRUE,5
15,30010142,418,A,FALSE,0
15,30010142,429,A,FALSE,0
15,30010142,434,C,FALSE,0
15,30010142,435,B,TRUE,5
15,30010142,433,C,FALSE,0
15,30010143,418,B,TRUE,5
15,30010143,429,A,FALSE,0
15,30010143,434,D,FALSE,0
15,30010143,435,D,FALSE,0
15,30010143,433,D,FALSE,0
15,30010144,418,C,FALSE,0
15,30010144,429,A,FALSE,0
15,30010144,434,C,FALSE,0
15,30010144,435,C,FALSE,0
15,30010144,433,A,FALSE,0
15,30010145,418,C,FALSE,0
15,30010145,429,A,FALSE,0
15,30010145,434,D,FALSE,0
15,30010145,435,D,FALSE,0
15,30010145,433,B,TRUE,5
15,30010146,418,B,TRUE,5
15,30010146,429,B,TRUE,5
15,30010146,434,D,FALSE,0
15,30010146,435,C,FALSE,0
15,30010146,433,A,FALSE,0
15,30010147,418,A,FALSE,0
15,30010147,429,B,TRUE,5
15,30010147,434,C,FALSE,0
15,30010147,435,A,FALSE,0
15,30010147,433,B,TRUE,5
15,30010148,418,D,FALSE,0
15,30010148,429,B,TRUE,5
15,30010148,434,C,FALSE,0
15,30010148,435,B,TRUE,5
15,30010148,433,A,FALSE,0
15,30010149,418,A,FALSE,0
15,30010149,429,A,FALSE,0
15,30010149,434,B,TRUE,5
15,30010149,435,A,FALSE,0
15,30010149,433,D,FALSE,0
15,30010150,418,C,FALSE,0
15,30010150,429,C,FALSE,0
15,30010150,434,B,TRUE,5
15,30010150,435,A,FALSE,0
15,30010150,433,D,FALSE,0
16,30010151,449,D,FALSE,0
16,30010151,442,C,FALSE,0
16,30010151,444,C,FALSE,0
16,30010151,457,D,FALSE,0
16,30010151,460,D,FALSE,0
16,30010152,449,C,FALSE,0
16,30010152,442,D,FALSE,0
16,30010152,444,C,FALSE,0
16,30010152,457,B,TRUE,5
16,30010152,460,A,TRUE,5
16,30010153,449,B,FALSE,0
16,30010153,442,B,TRUE,5
16,30010153,444,C,FALSE,0
16,30010153,457,A,FALSE,0
16,30010153,460,C,FALSE,0
16,30010154,449,A,TRUE,5
16,30010154,442,C,FALSE,0
16,30010154,444,C,FALSE,0
16,30010154,457,C,FALSE,0
16,30010154,460,A,TRUE,5
16,30010155,449,C,FALSE,0
16,30010155,442,D,FALSE,0
16,30010155,444,C,FALSE,0
16,30010155,457,B,TRUE,5
16,30010155,460,D,FALSE,0
16,30010156,449,A,TRUE,5
16,30010156,442,A,FALSE,0
16,30010156,444,C,FALSE,0
16,30010156,457,B,TRUE,5
16,30010156,460,A,TRUE,5
16,30010157,449,C,FALSE,0
16,30010157,442,D,FALSE,0
16,30010157,444,B,TRUE,5
16,30010157,457,D,FALSE,0
16,30010157,460,B,FALSE,0
16,30010158,449,C,FALSE,0
16,30010158,442,B,TRUE,5
16,30010158,444,A,FALSE,0
16,30010158,457,A,FALSE,0
16,30010158,460,D,FALSE,0
16,30010159,449,C,FALSE,0
16,30010159,442,B,TRUE,5
16,30010159,444,A,FALSE,0
16,30010159,457,D,FALSE,0
16,30010159,460,D,FALSE,0
16,30010160,449,A,TRUE,5
16,30010160,442,D,FALSE,0
16,30010160,444,C,FALSE,0
16,30010160,457,C,FALSE,0
16,30010160,460,B,FALSE,0
17,30010161,484,A,TRUE,5
17,30010161,472,D,FALSE,0
17,30010161,489,B,TRUE,5
17,30010161,492,D,FALSE,0
17,30010161,486,B,TRUE,5
17,30010162,484,B,FALSE,0
17,30010162,472,A,FALSE,0
17,30010162,489,A,FALSE,0
17,30010162,492,B,FALSE,0
17,30010162,486,D,FALSE,0
17,30010163,484,C,FALSE,0
17,30010163,472,A,FALSE,0
17,30010163,489,C,FALSE,0
17,30010163,492,B,FALSE,0
17,30010163,486,A,FALSE,0
17,30010164,484,A,TRUE,5
17,30010164,472,A,FALSE,0
17,30010164,489,C,FALSE,0
17,30010164,492,C,FALSE,0
17,30010164,486,C,FALSE,0
17,30010165,484,C,FALSE,0
17,30010165,472,A,FALSE,0
17,30010165,489,B,TRUE,5
17,30010165,492,B,FALSE,0
17,30010165,486,C,FALSE,0
17,30010166,484,A,TRUE,5
17,30010166,472,B,TRUE,5
17,30010166,489,B,TRUE,5
17,30010166,492,C,FALSE,0
17,30010166,486,D,FALSE,0
17,30010167,484,A,TRUE,5
17,30010167,472,D,FALSE,0
17,30010167,489,D,FALSE,0
17,30010167,492,D,FALSE,0
17,30010167,486,B,TRUE,5
17,30010168,484,A,TRUE,5
17,30010168,472,C,FALSE,0
17,30010168,489,B,TRUE,5
17,30010168,492,B,FALSE,0
17,30010168,486,D,FALSE,0
17,30010169,484,D,FALSE,0
17,30010169,472,A,FALSE,0
17,30010169,489,C,FALSE,0
17,30010169,492,D,FALSE,0
17,30010169,486,C,FALSE,0
17,30010170,484,A,TRUE,5
17,30010170,472,A,FALSE,0
17,30010170,489,A,FALSE,0
17,30010170,492,A,TRUE,5
17,30010170,486,C,FALSE,0
18,30010171,520,D,FALSE,0
18,30010171,530,D,FALSE,0
18,30010171,516,D,TRUE,5
18,30010171,526,D,FALSE,0
18,30010171,505,D,FALSE,0
18,30010172,520,D,FALSE,0
18,30010172,530,D,FALSE,0
18,30010172,516,D,TRUE,5
18,30010172,526,A,TRUE,5
18,30010172,505,D,FALSE,0
18,30010173,520,C,FALSE,0
18,30010173,530,B,TRUE,5
18,30010173,516,D,TRUE,5
18,30010173,526,B,FALSE,0
18,30010173,505,C,FALSE,0
18,30010174,520,A,FALSE,0
18,30010174,530,C,FALSE,0
18,30010174,516,D,TRUE,5
18,30010174,526,A,TRUE,5
18,30010174,505,A,TRUE,5
18,30010175,520,B,TRUE,5
18,30010175,530,C,FALSE,0
18,30010175,516,D,TRUE,5
18,30010175,526,B,FALSE,0
18,30010175,505,B,FALSE,0
18,30010176,520,B,TRUE,5
18,30010176,530,C,FALSE,0
18,30010176,516,D,TRUE,5
18,30010176,526,D,FALSE,0
18,30010176,505,B,FALSE,0
18,30010177,520,B,TRUE,5
18,30010177,530,A,FALSE,0
18,30010177,516,A,FALSE,0
18,30010177,526,C,FALSE,0
18,30010177,505,D,FALSE,0
18,30010178,520,C,FALSE,0
18,30010178,530,C,FALSE,0
18,30010178,516,A,FALSE,0
18,30010178,526,A,TRUE,5
18,30010178,505,C,FALSE,0
18,30010179,520,D,FALSE,0
18,30010179,530,B,TRUE,5
18,30010179,516,A,FALSE,0
18,30010179,526,A,TRUE,5
18,30010179,505,B,FALSE,0
18,30010180,520,D,FALSE,0
18,30010180,530,B,TRUE,5
18,30010180,516,D,TRUE,5
18,30010180,526,C,FALSE,0
18,30010180,505,A,TRUE,5
19,30010181,560,D,FALSE,0
19,30010181,554,A,FALSE,0
19,30010181,555,C,FALSE,0
19,30010181,540,B,TRUE,5
19,30010181,543,C,FALSE,0
19,30010182,560,B,TRUE,5
19,30010182,554,D,FALSE,0
19,30010182,555,D,FALSE,0
19,30010182,540,A,FALSE,0
19,30010182,543,A,FALSE,0
19,30010183,560,B,TRUE,5
19,30010183,554,C,TRUE,5
19,30010183,555,A,TRUE,5
19,30010183,540,A,FALSE,0
19,30010183,543,B,TRUE,5
19,30010184,560,C,FALSE,0
19,30010184,554,B,FALSE,0
19,30010184,555,B,FALSE,0
19,30010184,540,D,FALSE,0
19,30010184,543,A,FALSE,0
19,30010185,560,A,FALSE,0
19,30010185,554,D,FALSE,0
19,30010185,555,D,FALSE,0
19,30010185,540,A,FALSE,0
19,30010185,543,A,FALSE,0
19,30010186,560,B,TRUE,5
19,30010186,554,D,FALSE,0
19,30010186,555,C,FALSE,0
19,30010186,540,C,FALSE,0
19,30010186,543,B,TRUE,5
19,30010187,560,D,FALSE,0
19,30010187,554,D,FALSE,0
19,30010187,555,A,TRUE,5
19,30010187,540,C,FALSE,0
19,30010187,543,B,TRUE,5
19,30010188,560,B,TRUE,5
19,30010188,554,C,TRUE,5
19,30010188,555,B,FALSE,0
19,30010188,540,D,FALSE,0
19,30010188,543,D,FALSE,0
19,30010189,560,A,FALSE,0
19,30010189,554,D,FALSE,0
19,30010189,555,A,TRUE,5
19,30010189,540,B,TRUE,5
19,30010189,543,D,FALSE,0
19,30010190,560,D,FALSE,0
19,30010190,554,A,FALSE,0
19,30010190,555,A,TRUE,5
19,30010190,540,B,TRUE,5
19,30010190,543,A,FALSE,0
20,30010191,589,C,FALSE,0
20,30010191,588,D,FALSE,0
20,30010191,567,C,FALSE,0
20,30010191,565,B,FALSE,0
20,30010191,568,D,FALSE,0
20,30010192,589,D,FALSE,0
20,30010192,588,C,FALSE,0
20,30010192,567,A,FALSE,0
20,30010192,565,B,FALSE,0
20,30010192,568,C,FALSE,0
20,30010193,589,B,TRUE,5
20,30010193,588,B,TRUE,5
20,30010193,567,C,FALSE,0
20,30010193,565,A,TRUE,5
20,30010193,568,B,TRUE,5
20,30010194,589,B,TRUE,5
20,30010194,588,A,FALSE,0
20,30010194,567,C,FALSE,0
20,30010194,565,C,FALSE,0
20,30010194,568,A,FALSE,0
20,30010195,589,C,FALSE,0
20,30010195,588,D,FALSE,0
20,30010195,567,A,FALSE,0
20,30010195,565,C,FALSE,0
20,30010195,568,D,FALSE,0
20,30010196,589,C,FALSE,0
20,30010196,588,C,FALSE,0
20,30010196,567,C,FALSE,0
20,30010196,565,B,FALSE,0
20,30010196,568,D,FALSE,0
20,30010197,589,B,TRUE,5
20,30010197,588,B,TRUE,5
20,30010197,567,D,FALSE,0
20,30010197,565,C,FALSE,0
20,30010197,568,D,FALSE,0
20,30010198,589,B,TRUE,5
20,30010198,588,A,FALSE,0
20,30010198,567,B,TRUE,5
20,30010198,565,B,FALSE,0
20,30010198,568,A,FALSE,0
20,30010199,589,D,FALSE,0
20,30010199,588,D,FALSE,0
20,30010199,567,A,FALSE,0
20,30010199,565,A,TRUE,5
20,30010199,568,C,FALSE,0
20,30010200,589,B,TRUE,5
20,30010200,588,A,FALSE,0
20,30010200,567,A,FALSE,0
20,30010200,565,C,FALSE,0
20,30010200,568,B,TRUE,5
21,30010001,619,C,FALSE,0
21,30010001,600,B,FALSE,0
21,30010001,614,A,TRUE,5
21,30010001,609,D,FALSE,0
21,30010001,612,C,FALSE,0
21,30010002,619,A,FALSE,0
21,30010002,600,B,FALSE,0
21,30010002,614,B,FALSE,0
21,30010002,609,B,FALSE,0
21,30010002,612,C,FALSE,0
21,30010003,619,B,TRUE,5
21,30010003,600,A,TRUE,5
21,30010003,614,A,TRUE,5
21,30010003,609,B,FALSE,0
21,30010003,612,C,FALSE,0
21,30010004,619,B,TRUE,5
21,30010004,600,D,FALSE,0
21,30010004,614,B,FALSE,0
21,30010004,609,C,FALSE,0
21,30010004,612,A,FALSE,0
21,30010005,619,D,FALSE,0
21,30010005,600,A,TRUE,5
21,30010005,614,A,TRUE,5
21,30010005,609,C,FALSE,0
21,30010005,612,C,FALSE,0
21,30010006,619,D,FALSE,0
21,30010006,600,A,TRUE,5
21,30010006,614,C,FALSE,0
21,30010006,609,A,TRUE,5
21,30010006,612,B,TRUE,5
21,30010007,619,B,TRUE,5
21,30010007,600,A,TRUE,5
21,30010007,614,B,FALSE,0
21,30010007,609,D,FALSE,0
21,30010007,612,D,FALSE,0
21,30010008,619,B,TRUE,5
21,30010008,600,B,FALSE,0
21,30010008,614,D,FALSE,0
21,30010008,609,D,FALSE,0
21,30010008,612,C,FALSE,0
21,30010009,619,B,TRUE,5
21,30010009,600,B,FALSE,0
21,30010009,614,B,FALSE,0
21,30010009,609,B,FALSE,0
21,30010009,612,C,FALSE,0
21,30010010,609,B,FALSE,0
21,30010010,612,C,FALSE,0
22,30010010,629,D,FALSE,0
22,30010010,627,B,FALSE,0
22,30010010,628,B,FALSE,0
22,30010011,636,A,FALSE,0
22,30010011,640,A,FALSE,0
22,30010011,629,B,FALSE,0
22,30010011,627,D,FALSE,0
22,30010011,628,B,FALSE,0
22,30010012,636,D,FALSE,0
22,30010012,640,B,TRUE,5
22,30010012,629,B,FALSE,0
22,30010012,627,A,TRUE,5
22,30010012,628,C,FALSE,0
22,30010013,636,A,FALSE,0
22,30010013,640,B,TRUE,5
22,30010013,629,B,FALSE,0
22,30010013,627,A,TRUE,5
22,30010013,628,D,FALSE,0
22,30010014,636,D,FALSE,0
22,30010014,640,C,FALSE,0
22,30010014,629,A,TRUE,5
22,30010014,627,D,FALSE,0
22,30010014,628,C,FALSE,0
22,30010015,636,C,FALSE,0
22,30010015,640,A,FALSE,0
22,30010015,629,A,TRUE,5
22,30010015,627,A,TRUE,5
22,30010015,628,A,TRUE,5
22,30010016,636,D,FALSE,0
22,30010016,640,D,FALSE,0
22,30010016,629,D,FALSE,0
22,30010016,627,C,FALSE,0
22,30010016,628,C,FALSE,0
22,30010017,636,C,FALSE,0
22,30010017,640,C,FALSE,0
22,30010017,629,B,FALSE,0
22,30010017,627,D,FALSE,0
22,30010017,628,D,FALSE,0
22,30010018,636,B,TRUE,5
22,30010018,640,A,FALSE,0
22,30010018,629,C,FALSE,0
22,30010018,627,C,FALSE,0
22,30010018,628,D,FALSE,0
22,30010019,636,C,FALSE,0
22,30010019,640,C,FALSE,0
22,30010019,629,B,FALSE,0
22,30010019,627,A,TRUE,5
22,30010019,628,D,FALSE,0
22,30010020,636,C,FALSE,0
22,30010020,640,C,FALSE,0
23,30010020,652,C,FALSE,0
23,30010020,658,C,FALSE,0
23,30010020,671,D,FALSE,0
23,30010021,665,A,TRUE,5
23,30010021,672,A,FALSE,0
23,30010021,652,D,FALSE,0
23,30010021,658,C,FALSE,0
23,30010021,671,A,FALSE,0
23,30010022,665,D,FALSE,0
23,30010022,672,A,FALSE,0
23,30010022,652,D,FALSE,0
23,30010022,658,A,FALSE,0
23,30010022,671,D,FALSE,0
23,30010023,665,A,TRUE,5
23,30010023,672,C,TRUE,5
23,30010023,652,D,FALSE,0
23,30010023,658,A,FALSE,0
23,30010023,671,D,FALSE,0
23,30010024,665,A,TRUE,5
23,30010024,672,A,FALSE,0
23,30010024,652,B,TRUE,5
23,30010024,658,A,FALSE,0
23,30010024,671,B,FALSE,0
23,30010025,665,D,FALSE,0
23,30010025,672,D,FALSE,0
23,30010025,652,B,TRUE,5
23,30010025,658,A,FALSE,0
23,30010025,671,C,TRUE,5
23,30010026,665,D,FALSE,0
23,30010026,672,C,TRUE,5
23,30010026,652,C,FALSE,0
23,30010026,658,A,FALSE,0
23,30010026,671,C,TRUE,5
23,30010027,665,A,TRUE,5
23,30010027,672,D,FALSE,0
23,30010027,652,B,TRUE,5
23,30010027,658,A,FALSE,0
23,30010027,671,C,TRUE,5
23,30010028,665,C,FALSE,0
23,30010028,672,C,TRUE,5
23,30010028,652,C,FALSE,0
23,30010028,658,A,FALSE,0
23,30010028,671,A,FALSE,0
23,30010029,665,C,FALSE,0
23,30010029,672,D,FALSE,0
23,30010029,652,D,FALSE,0
23,30010029,658,B,FALSE,0
23,30010029,671,C,TRUE,5
23,30010030,665,B,FALSE,0
23,30010030,672,D,FALSE,0
24,30010030,691,D,FALSE,0
24,30010030,692,A,FALSE,0
24,30010030,693,D,FALSE,0
24,30010031,694,C,TRUE,5
24,30010031,695,C,FALSE,0
24,30010031,691,A,FALSE,0
24,30010031,692,D,FALSE,0
24,30010031,693,B,TRUE,5
24,30010032,694,D,FALSE,0
24,30010032,695,A,FALSE,0
24,30010032,691,D,FALSE,0
24,30010032,692,D,FALSE,0
24,30010032,693,D,FALSE,0
24,30010033,694,B,FALSE,0
24,30010033,695,D,FALSE,0
24,30010033,691,C,TRUE,5
24,30010033,692,A,FALSE,0
24,30010033,693,B,TRUE,5
24,30010034,694,A,FALSE,0
24,30010034,695,C,FALSE,0
24,30010034,691,D,FALSE,0
24,30010034,692,A,FALSE,0
24,30010034,693,D,FALSE,0
24,30010035,694,B,FALSE,0
24,30010035,695,A,FALSE,0
24,30010035,691,C,TRUE,5
24,30010035,692,B,FALSE,0
24,30010035,693,D,FALSE,0
24,30010036,694,C,TRUE,5
24,30010036,695,D,FALSE,0
24,30010036,691,A,FALSE,0
24,30010036,692,A,FALSE,0
24,30010036,693,D,FALSE,0
24,30010037,694,D,FALSE,0
24,30010037,695,D,FALSE,0
24,30010037,691,A,FALSE,0
24,30010037,692,A,FALSE,0
24,30010037,693,D,FALSE,0
24,30010038,694,D,FALSE,0
24,30010038,695,A,FALSE,0
24,30010038,691,B,FALSE,0
24,30010038,692,C,TRUE,5
24,30010038,693,D,FALSE,0
24,30010039,694,D,FALSE,0
24,30010039,695,A,FALSE,0
24,30010039,691,D,FALSE,0
24,30010039,692,A,FALSE,0
24,30010039,693,C,FALSE,0
24,30010040,694,D,FALSE,0
24,30010040,695,B,TRUE,5
25,30010040,725,B,FALSE,0
25,30010040,726,D,FALSE,0
25,30010040,727,C,FALSE,0
25,30010041,728,B,FALSE,0
25,30010041,729,D,FALSE,0
25,30010041,725,C,FALSE,0
25,30010041,726,D,FALSE,0
25,30010041,727,A,FALSE,0
25,30010042,728,D,FALSE,0
25,30010042,729,B,TRUE,5
25,30010042,725,B,FALSE,0
25,30010042,726,C,TRUE,5
25,30010042,727,B,TRUE,5
25,30010043,728,D,FALSE,0
25,30010043,729,C,FALSE,0
25,30010043,725,A,TRUE,5
25,30010043,726,A,FALSE,0
25,30010043,727,A,FALSE,0
25,30010044,728,A,TRUE,5
25,30010044,729,D,FALSE,0
25,30010044,725,A,TRUE,5
25,30010044,726,C,TRUE,5
25,30010044,727,D,FALSE,0
25,30010045,728,B,FALSE,0
25,30010045,729,C,FALSE,0
25,30010045,725,B,FALSE,0
25,30010045,726,D,FALSE,0
25,30010045,727,A,FALSE,0
25,30010046,728,A,TRUE,5
25,30010046,729,A,FALSE,0
25,30010046,725,B,FALSE,0
25,30010046,726,B,FALSE,0
25,30010046,727,A,FALSE,0
25,30010047,728,A,TRUE,5
25,30010047,729,D,FALSE,0
25,30010047,725,A,TRUE,5
25,30010047,726,A,FALSE,0
25,30010047,727,A,FALSE,0
25,30010048,728,B,FALSE,0
25,30010048,729,B,TRUE,5
25,30010048,725,B,FALSE,0
25,30010048,726,C,TRUE,5
25,30010048,727,B,TRUE,5
25,30010049,728,C,FALSE,0
25,30010049,729,A,FALSE,0
25,30010049,725,B,FALSE,0
25,30010049,726,A,FALSE,0
25,30010049,727,A,FALSE,0
25,30010050,728,A,TRUE,5
25,30010050,729,B,TRUE,5
26,30010050,725,B,FALSE,0
26,30010050,726,C,TRUE,5
26,30010050,727,D,FALSE,0
26,30010051,728,A,TRUE,5
26,30010051,729,B,TRUE,5
26,30010051,725,B,FALSE,0
26,30010051,726,B,FALSE,0
26,30010051,727,D,FALSE,0
26,30010052,728,D,FALSE,0
26,30010052,729,B,TRUE,5
26,30010052,725,A,TRUE,5
26,30010052,726,D,FALSE,0
26,30010052,727,D,FALSE,0
26,30010053,728,D,FALSE,0
26,30010053,729,D,FALSE,0
26,30010053,725,A,TRUE,5
26,30010053,726,D,FALSE,0
26,30010053,727,B,TRUE,5
26,30010054,728,B,FALSE,0
26,30010054,729,D,FALSE,0
26,30010054,725,B,FALSE,0
26,30010054,726,B,FALSE,0
26,30010054,727,C,FALSE,0
26,30010055,728,D,FALSE,0
26,30010055,729,D,FALSE,0
26,30010055,725,C,FALSE,0
26,30010055,726,D,FALSE,0
26,30010055,727,A,FALSE,0
26,30010056,728,C,FALSE,0
26,30010056,729,A,FALSE,0
26,30010056,725,B,FALSE,0
26,30010056,726,A,FALSE,0
26,30010056,727,B,TRUE,5
26,30010057,728,C,FALSE,0
26,30010057,729,D,FALSE,0
26,30010057,725,B,FALSE,0
26,30010057,726,D,FALSE,0
26,30010057,727,C,FALSE,0
26,30010058,728,B,FALSE,0
26,30010058,729,A,FALSE,0
26,30010058,725,B,FALSE,0
26,30010058,726,D,FALSE,0
26,30010058,727,D,FALSE,0
26,30010059,728,B,FALSE,0
26,30010059,729,B,TRUE,5
26,30010059,725,C,FALSE,0
26,30010059,726,A,FALSE,0
26,30010059,727,A,FALSE,0
26,30010060,728,D,FALSE,0
26,30010060,729,A,FALSE,0
27,30010060,683,B,TRUE,5
27,30010060,684,A,FALSE,0
27,30010060,685,C,TRUE,5
27,30010061,686,C,FALSE,0
27,30010061,687,C,FALSE,0
27,30010061,683,C,FALSE,0
27,30010061,684,C,FALSE,0
27,30010061,685,D,FALSE,0
27,30010062,686,B,FALSE,0
27,30010062,687,B,TRUE,5
27,30010062,683,D,FALSE,0
27,30010062,684,B,TRUE,5
27,30010062,685,A,FALSE,0
27,30010063,686,A,TRUE,5
27,30010063,687,A,FALSE,0
27,30010063,683,D,FALSE,0
27,30010063,684,B,TRUE,5
27,30010063,685,A,FALSE,0
27,30010064,686,B,FALSE,0
27,30010064,687,C,FALSE,0
27,30010064,683,D,FALSE,0
27,30010064,684,B,TRUE,5
27,30010064,685,C,TRUE,5
27,30010065,686,C,FALSE,0
27,30010065,687,D,FALSE,0
27,30010065,683,D,FALSE,0
27,30010065,684,D,FALSE,0
27,30010065,685,A,FALSE,0
27,30010066,686,A,TRUE,5
27,30010066,687,A,FALSE,0
27,30010066,683,C,FALSE,0
27,30010066,684,A,FALSE,0
27,30010066,685,C,TRUE,5
27,30010067,686,A,TRUE,5
27,30010067,687,D,FALSE,0
27,30010067,683,A,FALSE,0
27,30010067,684,C,FALSE,0
27,30010067,685,A,FALSE,0
27,30010068,686,C,FALSE,0
27,30010068,687,D,FALSE,0
27,30010068,683,D,FALSE,0
27,30010068,684,C,FALSE,0
27,30010068,685,D,FALSE,0
27,30010069,686,D,FALSE,0
27,30010069,687,B,TRUE,5
27,30010069,683,A,FALSE,0
27,30010069,684,D,FALSE,0
27,30010069,685,B,FALSE,0
27,30010070,686,D,FALSE,0
27,30010070,687,A,FALSE,0
28,30010070,522,B,TRUE,5
28,30010070,523,D,FALSE,0
28,30010070,524,D,FALSE,0
28,30010071,525,B,TRUE,5
28,30010071,526,C,FALSE,0
28,30010071,522,C,FALSE,0
28,30010071,523,A,FALSE,0
28,30010071,524,B,FALSE,0
28,30010072,525,C,FALSE,0
28,30010072,526,A,TRUE,5
28,30010072,522,B,TRUE,5
28,30010072,523,C,FALSE,0
28,30010072,524,D,FALSE,0
28,30010073,525,B,TRUE,5
28,30010073,526,B,FALSE,0
28,30010073,522,B,TRUE,5
28,30010073,523,B,TRUE,5
28,30010073,524,D,FALSE,0
28,30010074,525,A,FALSE,0
28,30010074,526,D,FALSE,0
28,30010074,522,B,TRUE,5
28,30010074,523,B,TRUE,5
28,30010074,524,D,FALSE,0
28,30010075,525,D,FALSE,0
28,30010075,526,D,FALSE,0
28,30010075,522,A,FALSE,0
28,30010075,523,B,TRUE,5
28,30010075,524,D,FALSE,0
28,30010076,525,C,FALSE,0
28,30010076,526,C,FALSE,0
28,30010076,522,D,FALSE,0
28,30010076,523,A,FALSE,0
28,30010076,524,D,FALSE,0
28,30010077,525,D,FALSE,0
28,30010077,526,C,FALSE,0
28,30010077,522,B,TRUE,5
28,30010077,523,B,TRUE,5
28,30010077,524,D,FALSE,0
28,30010078,525,A,FALSE,0
28,30010078,526,C,FALSE,0
28,30010078,522,A,FALSE,0
28,30010078,523,A,FALSE,0
28,30010078,524,D,FALSE,0
28,30010079,525,D,FALSE,0
28,30010079,526,C,FALSE,0
28,30010079,522,A,FALSE,0
28,30010079,523,B,TRUE,5
28,30010079,524,D,FALSE,0
28,30010080,525,D,FALSE,0
28,30010080,526,B,FALSE,0
29,30010080,443,B,TRUE,5
29,30010080,444,D,FALSE,0
29,30010080,445,B,FALSE,0
29,30010081,446,B,FALSE,0
29,30010081,447,A,TRUE,5
29,30010081,443,B,TRUE,5
29,30010081,444,D,FALSE,0
29,30010081,445,D,FALSE,0
29,30010082,446,B,FALSE,0
29,30010082,447,B,FALSE,0
29,30010082,443,A,FALSE,0
29,30010082,444,A,FALSE,0
29,30010082,445,D,FALSE,0
29,30010083,446,D,FALSE,0
29,30010083,447,A,TRUE,5
29,30010083,443,A,FALSE,0
29,30010083,444,B,TRUE,5
29,30010083,445,B,FALSE,0
29,30010084,446,C,FALSE,0
29,30010084,447,C,FALSE,0
29,30010084,443,B,TRUE,5
29,30010084,444,B,TRUE,5
29,30010084,445,D,FALSE,0
29,30010085,446,B,FALSE,0
29,30010085,447,D,FALSE,0
29,30010085,443,A,FALSE,0
29,30010085,444,B,TRUE,5
29,30010085,445,D,FALSE,0
29,30010086,446,D,FALSE,0
29,30010086,447,C,FALSE,0
29,30010086,443,A,FALSE,0
29,30010086,444,B,TRUE,5
29,30010086,445,C,FALSE,0
29,30010087,446,D,FALSE,0
29,30010087,447,A,TRUE,5
29,30010087,443,A,FALSE,0
29,30010087,444,D,FALSE,0
29,30010087,445,B,FALSE,0
29,30010088,446,D,FALSE,0
29,30010088,447,B,FALSE,0
29,30010088,443,A,FALSE,0
29,30010088,444,A,FALSE,0
29,30010088,445,B,FALSE,0
29,30010089,446,B,FALSE,0
29,30010089,447,B,FALSE,0
29,30010089,443,C,FALSE,0
29,30010089,444,C,FALSE,0
29,30010089,445,C,FALSE,0
29,30010090,446,D,FALSE,0
29,30010090,447,B,FALSE,0
30,30010090,374,C,FALSE,0
30,30010090,375,B,FALSE,0
30,30010090,376,A,FALSE,0
30,30010091,377,A,FALSE,0
30,30010091,378,D,TRUE,5
30,30010091,374,C,FALSE,0
30,30010091,375,A,FALSE,0
30,30010091,376,B,FALSE,0
30,30010092,377,C,FALSE,0
30,30010092,378,B,FALSE,0
30,30010092,374,C,FALSE,0
30,30010092,375,C,TRUE,5
30,30010092,376,B,FALSE,0
30,30010093,377,B,TRUE,5
30,30010093,378,B,FALSE,0
30,30010093,374,A,FALSE,0
30,30010093,375,B,FALSE,0
30,30010093,376,A,FALSE,0
30,30010094,377,B,TRUE,5
30,30010094,378,D,TRUE,5
30,30010094,374,C,FALSE,0
30,30010094,375,B,FALSE,0
30,30010094,376,A,FALSE,0
30,30010095,377,D,FALSE,0
30,30010095,378,A,FALSE,0
30,30010095,374,A,FALSE,0
30,30010095,375,B,FALSE,0
30,30010095,376,B,FALSE,0
30,30010096,377,B,TRUE,5
30,30010096,378,A,FALSE,0
30,30010096,374,C,FALSE,0
30,30010096,375,B,FALSE,0
30,30010096,376,D,FALSE,0
30,30010097,377,D,FALSE,0
30,30010097,378,B,FALSE,0
30,30010097,374,A,FALSE,0
30,30010097,375,B,FALSE,0
30,30010097,376,D,FALSE,0
30,30010098,377,B,TRUE,5
30,30010098,378,B,FALSE,0
30,30010098,374,D,FALSE,0
30,30010098,375,A,FALSE,0
30,30010098,376,C,TRUE,5
30,30010099,377,C,FALSE,0
30,30010099,378,A,FALSE,0
30,30010099,374,C,FALSE,0
30,30010099,375,B,FALSE,0
30,30010099,376,D,FALSE,0
30,30010100,377,C,FALSE,0
30,30010100,378,A,FALSE,0
31,30010100,321,A,FALSE,0
31,30010100,322,D,FALSE,0
31,30010100,323,D,FALSE,0
31,30010101,324,C,FALSE,0
31,30010101,325,C,FALSE,0
31,30010101,321,C,FALSE,0
31,30010101,322,D,FALSE,0
31,30010101,323,B,FALSE,0
31,30010102,324,B,FALSE,0
31,30010102,325,C,FALSE,0
31,30010102,321,B,TRUE,5
31,30010102,322,B,TRUE,5
31,30010102,323,A,TRUE,5
31,30010103,324,D,FALSE,0
31,30010103,325,C,FALSE,0
31,30010103,321,D,FALSE,0
31,30010103,322,B,TRUE,5
31,30010103,323,C,FALSE,0
31,30010104,324,A,TRUE,5
31,30010104,325,C,FALSE,0
31,30010104,321,A,FALSE,0
31,30010104,322,D,FALSE,0
31,30010104,323,B,FALSE,0
31,30010105,324,B,FALSE,0
31,30010105,325,A,TRUE,5
31,30010105,321,A,FALSE,0
31,30010105,322,A,FALSE,0
31,30010105,323,C,FALSE,0
31,30010106,324,A,TRUE,5
31,30010106,325,C,FALSE,0
31,30010106,321,D,FALSE,0
31,30010106,322,B,TRUE,5
31,30010106,323,B,FALSE,0
31,30010107,324,B,FALSE,0
31,30010107,325,C,FALSE,0
31,30010107,321,B,TRUE,5
31,30010107,322,C,FALSE,0
31,30010107,323,D,FALSE,0
31,30010108,324,C,FALSE,0
31,30010108,325,D,FALSE,0
31,30010108,321,D,FALSE,0
31,30010108,322,B,TRUE,5
31,30010108,323,B,FALSE,0
31,30010109,324,B,FALSE,0
31,30010109,325,B,FALSE,0
31,30010109,321,C,FALSE,0
31,30010109,322,D,FALSE,0
31,30010109,323,B,FALSE,0
31,30010110,324,A,TRUE,5
31,30010110,325,C,FALSE,0
32,30010110,283,A,FALSE,0
32,30010110,284,D,FALSE,0
32,30010110,285,A,FALSE,0
32,30010111,286,B,FALSE,0
32,30010111,287,B,FALSE,0
32,30010111,283,B,TRUE,5
32,30010111,284,A,FALSE,0
32,30010111,285,A,FALSE,0
32,30010112,286,A,FALSE,0
32,30010112,287,A,TRUE,5
32,30010112,283,A,FALSE,0
32,30010112,284,C,TRUE,5
32,30010112,285,C,FALSE,0
32,30010113,286,B,FALSE,0
32,30010113,287,C,FALSE,0
32,30010113,283,D,FALSE,0
32,30010113,284,C,TRUE,5
32,30010113,285,B,TRUE,5
32,30010114,286,A,FALSE,0
32,30010114,287,B,FALSE,0
32,30010114,283,C,FALSE,0
32,30010114,284,C,TRUE,5
32,30010114,285,A,FALSE,0
32,30010115,286,A,FALSE,0
32,30010115,287,A,TRUE,5
32,30010115,283,A,FALSE,0
32,30010115,284,A,FALSE,0
32,30010115,285,B,TRUE,5
32,30010116,286,D,FALSE,0
32,30010116,287,A,TRUE,5
32,30010116,283,A,FALSE,0
32,30010116,284,A,FALSE,0
32,30010116,285,D,FALSE,0
32,30010117,286,C,TRUE,5
32,30010117,287,B,FALSE,0
32,30010117,283,A,FALSE,0
32,30010117,284,B,FALSE,0
32,30010117,285,D,FALSE,0
32,30010118,286,D,FALSE,0
32,30010118,287,B,FALSE,0
32,30010118,283,D,FALSE,0
32,30010118,284,B,FALSE,0
32,30010118,285,B,TRUE,5
32,30010119,286,B,FALSE,0
32,30010119,287,A,TRUE,5
32,30010119,283,C,FALSE,0
32,30010119,284,D,FALSE,0
32,30010119,285,A,FALSE,0
32,30010120,286,C,TRUE,5
32,30010120,287,A,TRUE,5
33,30010120,259,C,FALSE,0
33,30010120,260,D,FALSE,0
33,30010120,261,D,FALSE,0
33,30010121,262,A,FALSE,0
33,30010121,263,B,TRUE,5
33,30010121,259,A,TRUE,5
33,30010121,260,B,TRUE,5
33,30010121,261,B,TRUE,5
33,30010122,262,D,FALSE,0
33,30010122,263,C,FALSE,0
33,30010122,259,B,FALSE,0
33,30010122,260,C,FALSE,0
33,30010122,261,D,FALSE,0
33,30010123,262,B,TRUE,5
33,30010123,263,D,FALSE,0
33,30010123,259,D,FALSE,0
33,30010123,260,D,FALSE,0
33,30010123,261,A,FALSE,0
33,30010124,262,A,FALSE,0
33,30010124,263,C,FALSE,0
33,30010124,259,A,TRUE,5
33,30010124,260,D,FALSE,0
33,30010124,261,D,FALSE,0
33,30010125,262,D,FALSE,0
33,30010125,263,D,FALSE,0
33,30010125,259,D,FALSE,0
33,30010125,260,A,FALSE,0
33,30010125,261,C,FALSE,0
33,30010126,262,D,FALSE,0
33,30010126,263,D,FALSE,0
33,30010126,259,A,TRUE,5
33,30010126,260,D,FALSE,0
33,30010126,261,B,TRUE,5
33,30010127,262,C,FALSE,0
33,30010127,263,C,FALSE,0
33,30010127,259,B,FALSE,0
33,30010127,260,B,TRUE,5
33,30010127,261,B,TRUE,5
33,30010128,262,A,FALSE,0
33,30010128,263,B,TRUE,5
33,30010128,259,B,FALSE,0
33,30010128,260,C,FALSE,0
33,30010128,261,C,FALSE,0
33,30010129,262,A,FALSE,0
33,30010129,263,B,TRUE,5
33,30010129,259,D,FALSE,0
33,30010129,260,B,TRUE,5
33,30010129,261,D,FALSE,0
33,30010130,262,D,FALSE,0
33,30010130,263,D,FALSE,0
34,30010130,222,A,FALSE,0
34,30010130,223,A,TRUE,5
34,30010130,224,B,FALSE,0
34,30010131,225,D,FALSE,0
34,30010131,226,C,TRUE,5
34,30010131,222,B,TRUE,5
34,30010131,223,C,FALSE,0
34,30010131,224,B,FALSE,0
34,30010132,225,B,TRUE,5
34,30010132,226,B,FALSE,0
34,30010132,222,B,TRUE,5
34,30010132,223,B,FALSE,0
34,30010132,224,C,FALSE,0
34,30010133,225,A,FALSE,0
34,30010133,226,B,FALSE,0
34,30010133,222,C,FALSE,0
34,30010133,223,A,TRUE,5
34,30010133,224,B,FALSE,0
34,30010134,225,C,FALSE,0
34,30010134,226,B,FALSE,0
34,30010134,222,D,FALSE,0
34,30010134,223,B,FALSE,0
34,30010134,224,D,FALSE,0
34,30010135,225,B,TRUE,5
34,30010135,226,B,FALSE,0
34,30010135,222,A,FALSE,0
34,30010135,223,B,FALSE,0
34,30010135,224,A,TRUE,5
34,30010136,225,D,FALSE,0
34,30010136,226,A,FALSE,0
34,30010136,222,C,FALSE,0
34,30010136,223,B,FALSE,0
34,30010136,224,B,FALSE,0
34,30010137,225,D,FALSE,0
34,30010137,226,C,TRUE,5
34,30010137,222,C,FALSE,0
34,30010137,223,D,FALSE,0
34,30010137,224,A,TRUE,5
34,30010138,225,A,FALSE,0
34,30010138,226,B,FALSE,0
34,30010138,222,B,TRUE,5
34,30010138,223,D,FALSE,0
34,30010138,224,D,FALSE,0
34,30010139,225,A,FALSE,0
34,30010139,226,A,FALSE,0
34,30010139,222,A,FALSE,0
34,30010139,223,C,FALSE,0
34,30010139,224,C,FALSE,0
34,30010140,225,D,FALSE,0
34,30010140,226,B,FALSE,0
35,30010140,174,B,FALSE,0
35,30010140,175,C,FALSE,0
35,30010140,176,D,FALSE,0
35,30010141,177,D,FALSE,0
35,30010141,178,D,FALSE,0
35,30010141,174,A,TRUE,5
35,30010141,175,C,FALSE,0
35,30010141,176,B,FALSE,0
35,30010142,177,B,FALSE,0
35,30010142,178,B,TRUE,5
35,30010142,174,D,FALSE,0
35,30010142,175,D,FALSE,0
35,30010142,176,A,TRUE,5
35,30010143,177,B,FALSE,0
35,30010143,178,C,FALSE,0
35,30010143,174,D,FALSE,0
35,30010143,175,B,TRUE,5
35,30010143,176,B,FALSE,0
35,30010144,177,D,FALSE,0
35,30010144,178,C,FALSE,0
35,30010144,174,D,FALSE,0
35,30010144,175,D,FALSE,0
35,30010144,176,D,FALSE,0
35,30010145,177,D,FALSE,0
35,30010145,178,B,TRUE,5
35,30010145,174,B,FALSE,0
35,30010145,175,A,FALSE,0
35,30010145,176,D,FALSE,0
35,30010146,177,C,TRUE,5
35,30010146,178,D,FALSE,0
35,30010146,174,B,FALSE,0
35,30010146,175,B,TRUE,5
35,30010146,176,B,FALSE,0
35,30010147,177,B,FALSE,0
35,30010147,178,C,FALSE,0
35,30010147,174,A,TRUE,5
35,30010147,175,B,TRUE,5
35,30010147,176,C,FALSE,0
35,30010148,177,D,FALSE,0
35,30010148,178,C,FALSE,0
35,30010148,174,B,FALSE,0
35,30010148,175,B,TRUE,5
35,30010148,176,C,FALSE,0
35,30010149,177,A,FALSE,0
35,30010149,178,B,TRUE,5
35,30010149,174,D,FALSE,0
35,30010149,175,D,FALSE,0
35,30010149,176,B,FALSE,0
35,30010150,177,A,FALSE,0
35,30010150,178,B,TRUE,5
36,30010150,132,B,FALSE,0
36,30010150,133,B,FALSE,0
36,30010150,134,B,TRUE,5
36,30010151,135,D,FALSE,0
36,30010151,136,D,FALSE,0
36,30010151,132,A,TRUE,5
36,30010151,133,D,FALSE,0
36,30010151,134,C,FALSE,0
36,30010152,135,B,FALSE,0
36,30010152,136,D,FALSE,0
36,30010152,132,D,FALSE,0
36,30010152,133,C,FALSE,0
36,30010152,134,A,FALSE,0
36,30010153,135,A,TRUE,5
36,30010153,136,B,TRUE,5
36,30010153,132,B,FALSE,0
36,30010153,133,C,FALSE,0
36,30010153,134,C,FALSE,0
36,30010154,135,B,FALSE,0
36,30010154,136,A,FALSE,0
36,30010154,132,A,TRUE,5
36,30010154,133,D,FALSE,0
36,30010154,134,A,FALSE,0
36,30010155,135,A,TRUE,5
36,30010155,136,D,FALSE,0
36,30010155,132,D,FALSE,0
36,30010155,133,A,TRUE,5
36,30010155,134,C,FALSE,0
36,30010156,135,B,FALSE,0
36,30010156,136,B,TRUE,5
36,30010156,132,B,FALSE,0
36,30010156,133,C,FALSE,0
36,30010156,134,D,FALSE,0
36,30010157,135,D,FALSE,0
36,30010157,136,B,TRUE,5
36,30010157,132,A,TRUE,5
36,30010157,133,A,TRUE,5
36,30010157,134,A,FALSE,0
36,30010158,135,C,FALSE,0
36,30010158,136,B,TRUE,5
36,30010158,132,B,FALSE,0
36,30010158,133,C,FALSE,0
36,30010158,134,A,FALSE,0
36,30010159,135,A,TRUE,5
36,30010159,136,B,TRUE,5
36,30010159,132,D,FALSE,0
36,30010159,133,B,FALSE,0
36,30010159,134,A,FALSE,0
36,30010160,135,B,FALSE,0
36,30010160,136,A,FALSE,0
37,30010160,86,A,TRUE,5
37,30010160,87,B,FALSE,0
37,30010160,88,D,FALSE,0
37,30010161,89,A,FALSE,0
37,30010161,90,A,FALSE,0
37,30010161,86,B,FALSE,0
37,30010161,87,C,FALSE,0
37,30010161,88,B,FALSE,0
37,30010162,89,D,FALSE,0
37,30010162,90,C,FALSE,0
37,30010162,86,D,FALSE,0
37,30010162,87,D,FALSE,0
37,30010162,88,D,FALSE,0
37,30010163,89,D,FALSE,0
37,30010163,90,D,FALSE,0
37,30010163,86,B,FALSE,0
37,30010163,87,D,FALSE,0
37,30010163,88,A,FALSE,0
37,30010164,89,D,FALSE,0
37,30010164,90,A,FALSE,0
37,30010164,86,A,TRUE,5
37,30010164,87,A,TRUE,5
37,30010164,88,D,FALSE,0
37,30010165,89,C,FALSE,0
37,30010165,90,B,TRUE,5
37,30010165,86,B,FALSE,0
37,30010165,87,A,TRUE,5
37,30010165,88,D,FALSE,0
37,30010166,89,B,TRUE,5
37,30010166,90,D,FALSE,0
37,30010166,86,C,FALSE,0
37,30010166,87,C,FALSE,0
37,30010166,88,C,TRUE,5
37,30010167,89,B,TRUE,5
37,30010167,90,C,FALSE,0
37,30010167,86,B,FALSE,0
37,30010167,87,C,FALSE,0
37,30010167,88,A,FALSE,0
37,30010168,89,B,TRUE,5
37,30010168,90,C,FALSE,0
37,30010168,86,C,FALSE,0
37,30010168,87,B,FALSE,0
37,30010168,88,C,TRUE,5
37,30010169,89,A,FALSE,0
37,30010169,90,D,FALSE,0
37,30010169,86,C,FALSE,0
37,30010169,87,D,FALSE,0
37,30010169,88,B,FALSE,0
37,30010170,89,B,TRUE,5
37,30010170,90,C,FALSE,0
38,30010170,50,D,FALSE,0
38,30010170,51,B,TRUE,5
38,30010170,52,A,FALSE,0
38,30010171,53,B,FALSE,0
38,30010171,54,A,FALSE,0
38,30010171,50,D,FALSE,0
38,30010171,51,B,TRUE,5
38,30010171,52,A,FALSE,0
38,30010172,53,D,FALSE,0
38,30010172,54,D,FALSE,0
38,30010172,50,C,FALSE,0
38,30010172,51,B,TRUE,5
38,30010172,52,A,FALSE,0
38,30010173,53,C,FALSE,0
38,30010173,54,B,FALSE,0
38,30010173,50,B,TRUE,5
38,30010173,51,D,FALSE,0
38,30010173,52,D,FALSE,0
38,30010174,53,A,TRUE,5
38,30010174,54,A,FALSE,0
38,30010174,50,A,FALSE,0
38,30010174,51,D,FALSE,0
38,30010174,52,D,FALSE,0
38,30010175,53,A,TRUE,5
38,30010175,54,D,FALSE,0
38,30010175,50,D,FALSE,0
38,30010175,51,C,FALSE,0
38,30010175,52,D,FALSE,0
38,30010176,53,B,FALSE,0
38,30010176,54,B,FALSE,0
38,30010176,50,C,FALSE,0
38,30010176,51,A,FALSE,0
38,30010176,52,D,FALSE,0
38,30010177,53,B,FALSE,0
38,30010177,54,B,FALSE,0
38,30010177,50,C,FALSE,0
38,30010177,51,B,TRUE,5
38,30010177,52,B,TRUE,5
38,30010178,53,B,FALSE,0
38,30010178,54,D,FALSE,0
38,30010178,50,B,TRUE,5
38,30010178,51,A,FALSE,0
38,30010178,52,B,TRUE,5
38,30010179,53,B,FALSE,0
38,30010179,54,B,FALSE,0
38,30010179,50,D,FALSE,0
38,30010179,51,A,FALSE,0
38,30010179,52,A,FALSE,0
38,30010180,53,A,TRUE,5
38,30010180,54,A,FALSE,0
39,30010180,34,D,FALSE,0
39,30010180,35,A,FALSE,0
39,30010180,36,D,FALSE,0
39,30010181,37,B,TRUE,5
39,30010181,38,B,FALSE,0
39,30010181,34,B,FALSE,0
39,30010181,35,D,FALSE,0
39,30010181,36,A,TRUE,5
39,30010182,37,D,FALSE,0
39,30010182,38,A,FALSE,0
39,30010182,34,B,FALSE,0
39,30010182,35,D,FALSE,0
39,30010182,36,D,FALSE,0
39,30010183,37,C,FALSE,0
39,30010183,38,C,TRUE,5
39,30010183,34,A,TRUE,5
39,30010183,35,A,FALSE,0
39,30010183,36,D,FALSE,0
39,30010184,37,D,FALSE,0
39,30010184,38,A,FALSE,0
39,30010184,34,A,TRUE,5
39,30010184,35,D,FALSE,0
39,30010184,36,D,FALSE,0
39,30010185,37,B,TRUE,5
39,30010185,38,D,FALSE,0
39,30010185,34,A,TRUE,5
39,30010185,35,A,FALSE,0
39,30010185,36,D,FALSE,0
39,30010186,37,B,TRUE,5
39,30010186,38,A,FALSE,0
39,30010186,34,A,TRUE,5
39,30010186,35,D,FALSE,0
39,30010186,36,A,TRUE,5
39,30010187,37,D,FALSE,0
39,30010187,38,D,FALSE,0
39,30010187,34,C,FALSE,0
39,30010187,35,D,FALSE,0
39,30010187,36,C,FALSE,0
39,30010188,37,C,FALSE,0
39,30010188,38,A,FALSE,0
39,30010188,34,C,FALSE,0
39,30010188,35,A,FALSE,0
39,30010188,36,C,FALSE,0
39,30010189,37,D,FALSE,0
39,30010189,38,C,TRUE,5
39,30010189,34,D,FALSE,0
39,30010189,35,C,FALSE,0
39,30010189,36,C,FALSE,0
39,30010190,37,C,FALSE,0
39,30010190,38,D,FALSE,0
40,30010190,15,A,FALSE,0
40,30010190,16,C,FALSE,0
40,30010190,17,B,FALSE,0
40,30010191,18,C,FALSE,0
40,30010191,19,C,FALSE,0
40,30010191,15,C,FALSE,0
40,30010191,16,C,FALSE,0
40,30010191,17,A,TRUE,5
40,30010192,18,A,TRUE,5
40,30010192,19,C,FALSE,0
40,30010192,15,A,FALSE,0
40,30010192,16,B,FALSE,0
40,30010192,17,C,FALSE,0
40,30010193,18,C,FALSE,0
40,30010193,19,C,FALSE,0
40,30010193,15,A,FALSE,0
40,30010193,16,C,FALSE,0
40,30010193,17,D,FALSE,0
40,30010194,18,D,FALSE,0
40,30010194,19,A,FALSE,0
40,30010194,15,D,FALSE,0
40,30010194,16,B,FALSE,0
40,30010194,17,B,FALSE,0
40,30010195,18,D,FALSE,0
40,30010195,19,D,FALSE,0
40,30010195,15,D,FALSE,0
40,30010195,16,A,FALSE,0
40,30010195,17,D,FALSE,0
40,30010196,18,C,FALSE,0
40,30010196,19,D,FALSE,0
40,30010196,15,A,FALSE,0
40,30010196,16,D,TRUE,5
40,30010196,17,C,FALSE,0
40,30010197,18,A,TRUE,5
40,30010197,19,C,FALSE,0
40,30010197,15,C,FALSE,0
40,30010197,16,A,FALSE,0
40,30010197,17,D,FALSE,0
40,30010198,18,D,FALSE,0
40,30010198,19,A,FALSE,0
40,30010198,15,C,FALSE,0
40,30010198,16,B,FALSE,0
40,30010198,17,C,FALSE,0
40,30010199,18,A,TRUE,5
40,30010199,19,C,FALSE,0
40,30010199,15,D,FALSE,0
40,30010199,16,A,FALSE,0
40,30010199,17,C,FALSE,0
40,30010200,18,A,TRUE,5
40,30010200,19,B,TRUE,5
